Member ID,Name,Age,Contact Info
M001,Ronald Wilson,24,alexahamilton@brown-jones.com
M002,Kenneth Mcconnell,37,eddie26@hotmail.com
M003,Anne Farmer,29,fbrown@yahoo.com
M004,Erica Mullen,33,woodtamara@weiss.com
M005,Nicole Snow,52,jvance@parrish-raymond.com
M006,Miss Monica Moran PhD,26,richardsonerika@gmail.com
M007,Jasmine Vasquez,25,michael92@yahoo.com
M008,Courtney Foster,56,daniel05@jones.com
M009,Morgan Lee,33,fletcherjennifer@yahoo.com
M010,Michael Miranda,24,robert79@gmail.com
M011,Nicholas Jones,56,kari57@butler-pearson.com
M012,Tyler Golden,39,gspencer@gmail.com
M013,Keith Rowe,31,jeremy97@warren-bell.com
M014,Bryan Perez,33,svargas@weaver.biz
M015,Ann Davis,49,robertcohen@hotmail.com
M016,Melinda Pierce,37,carlsonjose@barron.com
M017,Joel Chavez,55,rebeccawilliams@gmail.com
M018,Dana Jones,32,paulnguyen@gmail.com
M019,Michael Weber,26,singhelizabeth@buchanan.com
M020,Elizabeth Lucas,50,ndaugherty@gmail.com
M021,Larry Brown,33,mcculloughjames@hotmail.com
M022,James Marshall,23,tara36@hansen-christensen.com
M023,Heather Mcintyre,35,hkramer@mclaughlin.com
M024,James Donovan,55,joeyoung@bryan-norman.com
M025,Alexander Moore,32,sanchezlisa@lester.net
M026,Brian Robinson,59,coxbrittany@flores.org
M027,Dr. Sharon Kane,46,castanedakathleen@yahoo.com
M028,David Sanford,47,jose62@hotmail.com
M029,Anthony Blevins,26,eddie24@gmail.com
M030,Stephen Carter,33,sean42@hotmail.com
